{
  "train_loss": [
    1.0503922892431035,
    0.683291082983207,
    0.3236092005035923,
    0.20024381442592462,
    0.14381581613868996,
    0.10289553117786653,
    0.07839281500876602,
    0.06936082398011667,
    0.05892548457949362,
    0.04200331574948521,
    0.03668052949408483,
    0.034255363373534395,
    0.027869035471711903,
    0.02457590488514711,
    0.024037449453074986,
    0.02297266220083483,
    0.019708670936108952,
    0.018899998959111482,
    0.014979202032004419,
    0.01664160754883926,
    0.015296151386100909,
    0.014657121588803841,
    0.014383325442768007,
    0.01198562154005691,
    0.011540122281869257,
    0.010808420304642035,
    0.009292302025753625,
    0.008727442351456947,
    0.0087665049941279,
    0.007768629623912177,
    0.007718782689897001,
    0.007378427628301339,
    0.007362028784196067,
    0.006032321305766917,
    0.006635906498641878
  ],
  "train_acc": [
    0.343175350262697,
    0.5495293345008757,
    0.720993870402802,
    0.8345282399299475,
    0.88777911558669,
    0.9133373467600701,
    0.9342162872154116,
    0.9455450963222417,
    0.9546573992994746,
    0.9627298598949212,
    0.96875,
    0.9725536339754816,
    0.976713003502627,
    0.9779991243432574,
    0.9796683450087565,
    0.9833625218914186,
    0.9856337565674256,
    0.9859621278458844,
    0.9882059982486865,
    0.9878228984238179,
    0.9884249124343257,
    0.9902309544658494,
    0.9892732049036778,
    0.9912981611208407,
    0.991763353765324,
    0.992885288966725,
    0.9942261383537653,
    0.9943355954465849,
    0.9946366024518388,
    0.995731173380035,
    0.9959227232924693,
    0.9959774518388792,
    0.9967436514886164,
    0.996880472854641,
    0.9969625656742557
  ],
  "val_loss": [
    0.3878812386758975,
    0.25400180023052277,
    0.23199628760897756,
    0.13800004419979747,
    0.08299175147700219,
    0.057014249428583866,
    0.04891997231316261,
    0.04672339084505639,
    0.02887539837717826,
    0.028249851671290828,
    0.03906989961066811,
    0.026463440769992772,
    0.037345233329184505,
    0.033399515713297,
    0.028835410098317832,
    0.06658167084047528,
    0.019203205453828084,
    0.02514121203359628,
    0.024615034143404657,
    0.020853575043055246,
    0.01791800486211806,
    0.02425939716034842,
    0.013484056037486362,
    0.021160513236138382,
    0.019470251434592592,
    0.026368113040558434,
    0.022889001960011666,
    0.02018813176675412,
    0.0254595315174609,
    0.030049250559747085,
    0.020031653098331922,
    0.023164104617184454,
    0.02437035033246171,
    0.03069867963210232,
    0.02587738274305179
  ],
  "val_acc": [
    0.7760787102892366,
    0.8686581318160266,
    0.9300616405879564,
    0.9301801801801802,
    0.9487908961593172,
    0.956733048838312,
    0.9683499288762447,
    0.9634898055950688,
    0.9830488383119962,
    0.9838786154575628,
    0.9841156946420104,
    0.9740398293029872,
    0.9874348032242769,
    0.963371266002845,
    0.9869606448553817,
    0.9244902797534377,
    0.9913466097676624,
    0.9903982930298719,
    0.9918207681365576,
    0.9917022285443338,
    0.9895685158843054,
    0.9908724513987672,
    0.9926505452821243,
    0.9921763869132291,
    0.9925320056899004,
    0.9931247036510195,
    0.9931247036510195,
    0.9932432432432432,
    0.9937174016121385,
    0.9922949265054528,
    0.9940730203888098,
    0.9944286391654813,
    0.9939544807965861,
    0.9939544807965861,
    0.9935988620199147
  ],
  "lr": [
    0.00011999999999999999,
    0.00023999999999999998,
    0.0002999179886011389,
    0.0002992624353817517,
    0.00029795419551040833,
    0.0002959989895872009,
    0.0002934053672301536,
    0.0002901846696899191,
    0.00028635098025737434,
    0.00028192106268097334,
    0.0002769142878631403,
    0.0002713525491562421,
    0.00026526016662852886,
    0.00025866378071866334,
    0.00025159223574386114,
    0.00024407645377103054,
    0.0002361492994024415,
    0.00022784543606718227,
    0.00021920117444680317,
    0.0002102543136979454,
    0.00020104397616624645,
    0.00019161043631427666,
    0.00018199494461156203,
    0.00017223954715677627,
    0.00016238690182084986,
    0.00015248009171495378,
    0.00014256243679901663,
    0.00013267730445456208,
    0.00012286791985018355,
    0.00011317717692888012,
    0.0001036474508437579,
    9.432041266226686e-05,
    8.523684714922608e-05,
    7.643647442542382e-05,
    6.795777628163599e-05
  ]
}