{
  "train_loss": [
    2.360728621482849,
    3.720258980989456,
    2.133327156305313
  ],
  "train_acc": [
    0.125,
    0.0625,
    0.1875
  ],
  "val_loss": [
    1.3410962025324504,
    1.3656261364618938,
    1.3952259222666423
  ],
  "val_acc": [
    0.16666666666666666,
    0.16666666666666666,
    0.16666666666666666
  ],
  "lr": [
    0.000225,
    7.500000000000002e-05,
    0.0
  ]
}