{
  "train_loss": [
    0.5341204747580355,
    0.10142360449904894,
    0.05615095334691639,
    0.039555480177854985,
    0.02957024982225574,
    0.02395672158497136,
    0.02016969247459911,
    0.016240261153439135,
    0.01196773002374675,
    0.010827119980287564,
    0.009365282248804058,
    0.007080562284019419,
    0.006421414349035065,
    0.005848791094485489,
    0.006947481955166875
  ],
  "train_acc": [
    0.6959857723577236,
    0.8909806910569106,
    0.9429878048780488,
    0.9591971544715447,
    0.9718495934959349,
    0.9768292682926829,
    0.9815294715447155,
    0.9860518292682927,
    0.9894817073170732,
    0.9915142276422764,
    0.9923526422764227,
    0.994969512195122,
    0.9960365853658537,
    0.9964176829268293,
    0.9963160569105691
  ],
  "val_loss": [
    0.10038232942358641,
    0.04611052377984076,
    0.02625073692193913,
    0.01832917780779221,
    0.02195457790811772,
    0.017539945824293444,
    0.01624076279130181,
    0.01106386047332239,
    0.011470860815326599,
    0.010288284691545234,
    0.009977326966533345,
    0.009481336355219066,
    0.011285971283149584,
    0.011418737931245026,
    0.011417013195362305
  ],
  "val_acc": [
    0.902678994784258,
    0.9504504504504504,
    0.973565670934092,
    0.9668089141773353,
    0.9857752489331437,
    0.9857752489331437,
    0.9905168326220958,
    0.9921763869132291,
    0.9935988620199147,
    0.9944286391654813,
    0.9944286391654813,
    0.9954954954954955,
    0.9962067330488383,
    0.9957325746799431,
    0.9959696538643907
  ],
  "lr": [
    0.00029977149936094284,
    0.00029433686267830647,
    0.00028191567459663196,
    0.0002631091763190287,
    0.00023882768669554154,
    0.00021024653870869344,
    0.0001787491880866214,
    0.00014586024784204627,
    0.00011317169016568093,
    8.22657878333675e-05,
    5.4638525108388833e-05,
    3.1627185394728724e-05,
    1.4345620723579904e-05,
    3.630336320221372e-06,
    0.0
  ]
}